step,population,nonrenewableResourceFractionRemaining,serviceOutput,foodPerCapita,industrialOutputPerCapita,indexOfPersistentPollution,lifeExpectancy,crudeBirthRate,crudeDeathRate,arableLand,landYield
1900.0,0.1,1.0,0.27792523416953274,0.083125,0.0144,0.0057444852941176475,0.4035208420620309,0.7738586621820125,0.5731272445734146,0.3,0.26142291279909013
1901.0,0.10100365708804299,0.999717375,0.2754960040023763,0.08576528172538786,0.014402018943170489,0.005578079100909056,0.40256759153886845,0.7661689531770659,0.5674321713656668,0.30119683424830396,0.26069873484979766
1902.0,0.10200115849099252,0.9994228463584147,0.2756346722552892,0.0882847726643476,0.014470890096950398,0.0055456181873121445,0.40254032209728796,0.7664209121160757,0.5708346231549346,0.30245274469312294,0.2623121124785728
1903.0,0.10316918744903886,0.9991166712893929,0.27585276699674177,0.09059773666877374,0.014596718251475852,0.005528614851618524,0.40253233391063253,0.7983472434444958,0.5719174368468011,0.3037748524842904,0.26437017578707317
1904.0,0.1044290214693568,0.9987988768635804,0.27607113807461164,0.09278583617740874,0.01477284384392746,0.005519708342445675,0.40246321885600933,0.8149447155365919,0.5736642740287441,0.3051664160438019,0.26658910747159975
1905.0,0.10573237328299644,0.9984694327049207,0.2763236156604314,0.09490505209263328,0.014993226042569512,0.005515043028117041,0.40237468327009285,0.8223998351563033,0.5758619445991442,0.30662822178385835,0.26887522253045687
1906.0,0.10705195926489004,0.9981282584675145,0.276641282191695,0.0969933724969916,0.015252544877670972,0.005512939546181262,0.40229669675624635,0.8247613820544154,0.5782295126790167,0.30815988710009967,0.27118922277856866
1907.0,0.10837342587592662,0.9977752252284231,0.2770418343864057,0.09907674802773962,0.015546247280310987,0.005513074978519589,0.40224721279224107,0.8244672716695081,0.5805944586886799,0.3097604672147811,0.27351370321131996
1908.0,0.1096900140281719,0.9974101574837371,0.27753348578203185,0.10117322004096241,0.015870526132142695,0.005515944285899315,0.4022362346495066,0.8229153788287041,0.5828592235059137,0.3114287957247271,0.2758421567418139
1909.0,0.11099926438863723,0.9970328359582677,0.27811893690552236,0.10329566491403196,0.016222260500397226,0.005522497236389883,0.4022689889620808,0.8208745050815115,0.5849719758753208,0.313163685345836,0.2781737785883779
1910.0,0.11230105986341886,0.996643000702388,0.2787979010729057,0.10545356824207769,0.01659893932733209,0.005533893041995458,0.4023479351826665,0.818747761204362,0.5869074782426713,0.3149640433111184,0.28051061582358777
1911.0,0.11359649279295228,0.9962403540880691,0.27956856797566737,0.10765415946386604,0.016998581991742617,0.005551337362001443,0.40247396900055765,0.8167317641155418,0.5886555449149097,0.31682893341801666,0.2828559725624392
1912.0,0.11488722454352641,0.9958245634997804,0.28042842942665946,0.10990313889976117,0.017419662858913557,0.005575978151325628,0.4026471302011668,0.814909744679338,0.5902143086632763,0.31875760536639297,0.2852135443862034
1913.0,0.11617513327579786,0.9953952636354887,0.2813747384516879,0.11220514871107247,0.017861043118497708,0.005608843715583575,0.40286701596529706,0.8133048461069557,0.591586360238906,0.32074950468246477,0.2875869752549454
1914.0,0.11746212780347406,0.9949520583998935,0.28265649101405466,0.1145640832011405,0.01832191105572461,0.005650810752170614,0.40321741949931306,0.8119100908921919,0.5927765621978213,0.32269275791894947,0.29033843523887826
1915.0,0.11875115127655161,0.9944945224064832,0.28400949303562595,0.11698820855771506,0.018801730750495165,0.005702593242522584,0.4036099384661081,0.810747788816467,0.5936512033567432,0.3245930383233321,0.29320299892049345
1916.0,0.12004420191106512,0.9940221779351148,0.285390324834033,0.11947998414931794,0.01930034192256697,0.005764745349695534,0.4040303449442688,0.8097903148520328,0.5943612289105935,0.3264596334170276,0.2961337250112899
1917.0,0.12134283859077594,0.9935345200375021,0.286799059687773,0.12204092376335834,0.019817760733441783,0.005837673230583753,0.4044787111526123,0.808980453119857,0.5949362301904076,0.32830007819468454,0.2991285122278166
1918.0,0.1226483886205957,0.9930310211056367,0.2882148565126044,0.12467251487769718,0.020354127251489485,0.005921676844485371,0.40494812281689463,0.8082747402578176,0.595381600037544,0.3301268809206372,0.30215810305556573
1919.0,0.1239619242003333,0.9925111310817657,0.28964845547472734,0.12737576497417505,0.020909685973510127,0.006016976457199979,0.40544230948395243,0.8076394561421947,0.5957138042597944,0.33194926406532976,0.30522825905174095
1920.0,0.1252844278854651,0.9919742797543945,0.29112621608990324,0.13015187188737765,0.02148475672434056,0.006123727799214977,0.4059702623464722,0.8070515303039649,0.5959313284635885,0.3337704953381329,0.3083666411477699
1921.0,0.12661692092757856,0.991419875658935,0.292652040169409,0.1330025345315056,0.022079729943724834,0.006242032524430006,0.4065334992250896,0.8064998921914116,0.5960235937074798,0.33559364641687883,0.31157779386078355
1922.0,0.12796041283227572,0.9908473030314049,0.29422728726205916,0.13592944872613894,0.02269507450794176,0.006371944910666919,0.4071327431776023,0.8059778017423507,0.5959922484043595,0.3374215951504176,0.31486372550170383
1923.0,0.12931589482552813,0.9902559210266528,0.2958529738574387,0.1389342696266603,0.023331330941835204,0.006513478381362305,0.4077686283997434,0.8054790847039196,0.5958402007784391,0.33925705636427217,0.3182261632332087
1924.0,0.1306843401132548,0.9896450631070969,0.29753001944888824,0.14201862109283458,0.023989104458066828,0.0066666145186958245,0.40844178395055597,0.8049980085885271,0.5955704235327001,0.34110261092000216,0.32166678618908223
1925.0,0.13206670603749548,0.9890140363745323,0.29925928534999857,0.14518410624883465,0.024669059227130145,0.006831312931571918,0.40915285039307436,0.8045293801982376,0.5951857892634831,0.34296073052715387,0.3251872494437015
1926.0,0.13346393692038475,0.9883621208273687,0.3010415891383103,0.1484323154751751,0.02537191383442092,0.007007520813485538,0.4099024876034485,0.80406856479677,0.5946890252552803,0.3448337988637063,0.32878918719664385
1927.0,0.13487696710473437,0.9876885685469249,0.3028777135343042,0.15176483215335806,0.026098437752265443,0.007195181596026774,0.410691380068909,0.8036114491237503,0.5940826889978813,0.34672412971197897,0.33247421308557207
1928.0,0.13630672395836113,0.9869926028176088,0.3047684122326566,0.1551832366612315,0.02684944866610987,0.007394242450120621,0.41152024073278826,0.8031543793604158,0.5933691520280503,0.34863398268989154,0.3362439191372891
1929.0,0.13775413073849158,0.9862734171851222,0.30671441351847095,0.15868910898837496,0.027625810516943395,0.00760466057979628,0.41238981382061757,0.802694092255635,0.5925505891358385,0.35056557703633073,0.3400998735298567
1930.0,0.13922010928104667,0.9855301744560659,0.3087164222026636,0.16228403023464696,0.02842843214334699,0.007826408356806711,0.4133008769266603,0.8022276486487641,0.5916289714712157,0.3525211038148326,0.3440436172897531
1931.0,0.14070558251460438,0.9847620056416555,0.3107751202697978,0.16596958318273825,0.029258266425149945,0.00805947739693658,0.4142542425577657,0.8017523735094915,0.5906060626083522,0.35450273682708583,0.3480766600599505
1932.0,0.14221147681510293,0.9839680088476868,0.3128911665333476,0.16974735208644084,0.030116309846618883,0.008303881702010124,0.41525075927641675,0.8012658038506519,0.5894834169120184,0.3565126424715421,0.35220047506781516
1933.0,0.1437387242233467,0.9831472481124142,0.315065195520347,0.17361892178223848,0.031003602410649225,0.008559659997866523,0.4162913125464457,0.8007656444526652,0.588262379727613,0.35855298873857167,0.3564164934030748
1934.0,0.1452882645479863,0.9822987521936019,0.31729781575239313,0.17758587620761018,0.031921227846859926,0.008826877395178503,0.41737682535751697,0.8002497306745032,0.5869440890302217,0.3606259534991195,0.3607260976934527
1935.0,0.14686104737462585,0.981421513305679,0.31958960754826815,0.1816497963918837,0.03287031406608581,0.009105626491289385,0.4185082586846042,0.7997159973733435,0.5855294782444753,0.3627337322164567,0.36513061524315793
1936.0,0.14845803399859794,0.9805144858076599,0.32194112044165596,0.1858122579725242,0.0338520338217762,0.009396028019869208,0.4196866118240365,0.7991624529174872,0.5840192800007298,0.36487854518872903,0.369631310679278
1937.0,0.1500801992955578,0.9795765848422708,0.32435287028322113,0.19007482828008257,0.03486760554547512,0.009698231142756638,0.42091292263676355,0.7985871573444069,0.5824140306329647,0.36706264441232506,0.37422937813411045
1938.0,0.15172853354078766,0.9786066849265532,0.3268253360778884,0.19443906302778238,0.035918294329081404,0.010012413465848342,0.4221882677212572,0.7979882038269853,0.5807140752548903,0.36928832014167123,0.37892593297776017
1939.0,0.15340404418515222,0.9776036184940807,0.32935895659429715,0.1989065026363224,0.03700541303114202,0.01033878084891502,0.423513762532245,0.7973637027335364,0.5789195732760004,0.371557907209175,0.38372200310485427
1940.0,0.15510775759305365,0.9765661743888301,0.33195412677310776,0.2034786682205098,0.038130323488171254,0.010677567068102413,0.4248905614567763,0.7967117676846825,0.5770305042405496,0.373873791159115,0.38861851977170736
1941.0,0.15684072074548744,0.9754930963106762,0.3346111939534152,0.2081570572615606,0.039294437815040086,0.011029033379790349,0.48462614475305976,0.796030503115134,0.5750466738905804,0.3762384142408623,0.3936163079754496
1942.0,0.15961678499614101,0.9743830812124445,0.33519006348888963,0.2115919966452936,0.04049921978095386,0.01139346802549927,0.48635111004634035,0.823925626655329,0.47608448316648144,0.3786542812995437,0.39871607636422257
1943.0,0.162374158848462,0.9732347776484397,0.3365900109083178,0.2151219529036417,0.04175309656171045,0.011771185709647232,0.4880032425098902,0.8140445886561513,0.47441248563237387,0.3811386067295761,0.4046430813312687
1944.0,0.16513715528390405,0.9720471492792524,0.3380139057522144,0.2187491091765265,0.043053959018357645,0.012162527075123462,0.4897118219537481,0.8073025404510031,0.4726720412526983,0.38369609501088836,0.41051488675226283
1945.0,0.16792323161301115,0.9708189466885022,0.3395086093678789,0.2224537734154096,0.04440150199424601,0.012567858195782293,0.49149417574049015,0.8025311108867116,0.4707037273442411,0.3863272339642995,0.41643111747544814
1946.0,0.17074341123761969,0.9695488713669437,0.34097203529066783,0.22622613693107385,0.04579587803750916,0.012987570099985453,0.49330690120673004,0.7988593241707853,0.46851807068794904,0.3890491835068507,0.42227476734806724
1947.0,0.17360399600572166,0.9682355662076992,0.3424966509483785,0.23005842311791977,0.04723763823714293,0.013422138795512259,0.4951848374695498,0.7957649438230031,0.46621207247000784,0.3918624349141295,0.4281730590668182
1948.0,0.17650952759323,0.9668776381143857,0.3440661448735925,0.23394853126693027,0.04872749563193114,0.013872114274093744,0.4971214130127242,0.7929654683501305,0.46374453312626107,0.39476869989101404,0.4341145142963527
1949.0,0.17946314479301387,0.9654736371933936,0.3456798053432911,0.23789536386587948,0.05026641539367945,0.014338096060830011,0.4991172205901092,0.7902993603602859,0.46113793803143316,0.3977697372549879,0.4401031406987315
1950.0,0.18246726167068322,0.964022059888938,0.34733491711622916,0.24189860621171919,0.051855544271131135,0.014820698692730418,0.5011724171833855,0.7876772453082898,0.45839988890325684,0.4008675834382733,0.4461381734075202
1951.0,0.1855165454340015,0.9625213482955061,0.34904349665791246,0.24596800136971927,0.05349617974783394,0.015320532599136356,0.5032932280950151,0.7847634219148476,0.45602899489275417,0.40406446030692156,0.4522186503271518
1952.0,0.18860717352392337,0.9609698897428579,0.35080973841399066,0.2501115917938458,0.05518969249650082,0.015838193643765167,0.5054863710451034,0.7816565073095267,0.4539247426924345,0.4073626595513126,0.458337671386387
1953.0,0.19174098274770107,0.9593660131694685,0.35262918682836963,0.2543299283210311,0.05693754673894382,0.01637425901862866,0.5077547693242374,0.7785920259124324,0.4517125889898319,0.41076446876829364,0.4644909517811631
1954.0,0.19491960516764165,0.957707987175922,0.3545006084935058,0.2586235935647087,0.05874133662037821,0.01692928713706734,0.51010020321383,0.7755408182606012,0.4493937980871511,0.41427231530745007,0.4706775890349069
1955.0,0.1981445760802531,0.9559940196786033,0.356422091197063,0.2629932160103585,0.060602764874323256,0.017503819960205315,0.5125242606421456,0.7724871716926307,0.4469702207461422,0.41788883178592134,0.4768952115319958
1956.0,0.2014174083321562,0.9542222565824592,0.3583919164434358,0.26743935986213213,0.06252363185098384,0.01809838619210901,0.515028681377832,0.7694233960915712,0.4444433182518314,0.421616827831659,0.48314133664070447
1957.0,0.2047396357717155,0.9523907805289783,0.3608791892985899,0.27196248890728997,0.06450582637473205,0.01871350485718238,0.517805589908242,0.766345815115818,0.441813886841457,0.42532902815268836,0.4902026614352854
1958.0,0.20811573262799832,0.950497609497615,0.36331140709936394,0.2765790434888537,0.0665513193144932,0.01934968927706031,0.5206272807281478,0.7632899809546722,0.438845806201431,0.4290257761161545,0.49732178549959927
1959.0,0.2115474107064752,0.9485405541885971,0.3657237412683644,0.2812842254863359,0.06866306641467163,0.020007451160202673,0.5235130571187087,0.7602609661350569,0.43582512766115883,0.4327274299839828,0.5045257843663629
1960.0,0.21503626357140537,0.9465173859030739,0.36811605510703255,0.2860752738020547,0.07084376443244005,0.020687304598899538,0.5264644073340088,0.7572198773148446,0.43273015572222107,0.4364518463865991,0.5117961955004001
1961.0,0.2185837314710741,0.9444258229318028,0.3704964175515675,0.29094984879918945,0.07309597921903406,0.021389840767426834,0.529486696846055,0.7541473624686749,0.4295607268765231,0.4402142454010478,0.5191282703756519
1962.0,0.222191248425836,0.9422635282086728,0.37286725573494484,0.29590613737455473,0.07542218098169585,0.02211573387453655,0.53258320267611,0.7510332452515404,0.4263114589237506,0.44402819622256806,0.5265111468950381
1963.0,0.2258602660367132,0.9400281045699488,0.3752310433504665,0.3009425200595066,0.07782478989189862,0.022865724709310007,0.5357574150859732,0.7478720359933448,0.42297933350438804,0.44790591696110466,0.5339354059223274
1964.0,0.22959227732486892,0.9377170920101072,0.37758864429688715,0.3060575099743833,0.08030620157092361,0.02364059771955317,0.539012272700671,0.744659941145931,0.419560915025376,0.4518586378228911,0.5413903813407654
1965.0,0.23338881553194135,0.9353279650260556,0.3799403050837752,0.3112496591066595,0.08286880791158033,0.024441160224014935,0.5423505436425343,0.7413935493757813,0.4160533484394721,0.4558968090991074,0.5488653042111798
1966.0,0.23725144985576288,0.9328581305907524,0.3822854982245903,0.3165175213641594,0.08551501038333394,0.02526822610879796,0.5457747323282865,0.7380691436541963,0.4124539091702949,0.4600302798998437,0.5563488618652533
1967.0,0.2411817760210514,0.9303049264019069,0.3846231854276813,0.3218596199163333,0.08824722930878791,0.02612260445104483,0.5492871742921606,0.7346824509015427,0.40876013370743897,0.46426842158628107,0.5638294133397403
1968.0,0.245181406397628,0.9276656194600369,0.3869518554791209,0.3272744307133456,0.09106790940103249,0.02700509238974254,0.5528900401559317,0.7312285765942472,0.4049697109370246,0.46862022492585476,0.5712949183012885
1969.0,0.24925195955375082,0.9249374048832273,0.3892696380357485,0.3327603706489246,0.09397952277894586,0.02791647133959799,0.5565853757731973,0.7277020415778354,0.40108048454690776,0.47309436989530573,0.5787330127787437
1970.0,0.25339505028034637,0.9221174049520606,0.38930923537444406,0.3383157918559184,0.09698456992418203,0.02885750562207129,0.5594073368433097,0.7240968542712382,0.3970904094324894,0.47769927734822504,0.5827404609234861
1971.0,0.2575944925525611,0.9192026683510698,0.3894578132149856,0.3438545779769522,0.10008557914866599,0.029828942727512926,0.5625606248308703,0.720254094235201,0.39420346864911204,0.4823117692149088,0.586956692224541
1972.0,0.2618526204390032,0.916191116803191,0.3900379060249901,0.34938400902485567,0.10327890526048879,0.030831514575579984,0.5660000011641151,0.716144339889974,0.39091346159643414,0.48693652635333706,0.5918727031853733
1973.0,0.2661725003943328,0.9130805547809012,0.39062673881494636,0.3549245726683364,0.10656230223009105,0.03186593929788416,0.5695035216795834,0.711870681045279,0.3872781743866475,0.4916062340409581,0.5968218224161951
1974.0,0.2705544799527162,0.9098685353083116,0.3912023654144669,0.3604780671152678,0.10993554659691133,0.032944877192629174,0.5730714658604474,0.7075013252026394,0.3835754704802031,0.496331866916195,0.6017567430481132
1975.0,0.27499903920322716,0.9065525508048987,0.391767099503709,0.366044556777052,0.11339883528128555,0.034073809047231576,0.5767673849965728,0.7030472707037068,0.37980546859498404,0.5011224299780406,0.6066695809853876
1976.0,0.2795241851781382,0.9031300461566438,0.3922992504010876,0.37160060884632595,0.11695262898557285,0.03524921165513789,0.5805800627134723,0.6996424437639306,0.3758675280422532,0.5059865273672303,0.6115540391971761
1977.0,0.2841329967347568,0.8995984200050618,0.3928017711704888,0.3771418468008145,0.12059773521537984,0.036470773529696195,0.5845006094381652,0.6962101669798321,0.3717978945874835,0.510931705363172,0.6164092961486417
1978.0,0.28882715032365514,0.8959550329387916,0.3932762255949547,0.3826658931309774,0.12433507814538665,0.0377400150353888,0.5885254253836989,0.6926586265496053,0.36760929627451083,0.5159652250200757,0.6212296853030032
1979.0,0.2936085327689228,0.8921972067578631,0.3937228369018617,0.3881701469688783,0.1281656719498814,0.03905944423409395,0.5926509333269976,0.6890034575460077,0.36330567211885295,0.5210939671233269,0.6260083945561654
1980.0,0.29847914254076435,0.8883222244691112,0.3942338058274595,0.3936518789123101,0.13209060669760928,0.0404320361770364,0.596915254368631,0.6852529195070497,0.358891102035917,0.5262649874842736,0.6309577766885373
1981.0,0.3034419146943639,0.8843273307096827,0.394715080035557,0.3991119113036128,0.13611103315107417,0.04186091378329366,0.6012724489552789,0.6814162443710599,0.3543175863891374,0.5314808079371002,0.6359289938365184
1982.0,0.3084990419744863,0.8802096831032107,0.3951315165953047,0.4045470443130118,0.14022847429319943,0.04334915578802677,0.6057035752034662,0.6774962968917305,0.34964261878918096,0.5367579755674815,0.640846340421754
1983.0,0.31365228847135196,0.875915903015351,0.3953995990173877,0.409901659261694,0.14450046925612023,0.044899686122925976,0.6092169187913478,0.6734858645997506,0.3448897289247288,0.5420945286467772,0.6455748231276659
1984.0,0.31887922072189306,0.871432834426044,0.395604495389083,0.4152022463125107,0.1489265545177147,0.04651527880570321,0.6125877790374633,0.6691351290077625,0.3413036548396981,0.5474931915891186,0.6501980144805618
1985.0,0.3241759417633006,0.8667567393922114,0.3957614325742743,0.42046374331761693,0.15349566922131436,0.04819856057314126,0.6160116546961857,0.6646819359125645,0.3379012986699039,0.5529628705155499,0.6547193905152522
1986.0,0.32954351223671097,0.8618835768558911,0.39587247503115736,0.4256920016340241,0.1581997652433741,0.04995277809850795,0.6194921333309372,0.6601937253332538,0.3344358042029609,0.5585125048390439,0.6591315422169863
1987.0,0.33498309517281055,0.856809120817631,0.3959398744541044,0.43089049503329624,0.16303302950141463,0.051781987574142284,0.6230305696529491,0.6556712233378389,0.33090361479368696,0.5641506003320983,0.6634283119878863
1988.0,0.340495784414091,0.8515290051686437,0.3959648789581906,0.4360611927191557,0.16799130452881267,0.05369087007617238,0.6266266766058165,0.6511076866579135,0.32730401603294906,0.5698853134898866,0.6676023628350264
1989.0,0.34607095370290875,0.8460387546134849,0.39596130843362914,0.44121981792606135,0.1730716618668305,0.05568444698699807,0.629468404282401,0.6465155864003718,0.32431753833165805,0.5757244296653216,0.6716455876364615
1990.0,0.35168086549662786,0.840333640924046,0.3959588868150482,0.44640293937956393,0.17827217272673582,0.05776781047943556,0.6315577741321587,0.6418247213529562,0.3227904863912622,0.5816752414056345,0.6755463925727353
1991.0,0.35731214892671853,0.8344084493415104,0.39596683135111155,0.4516282241835245,0.18359180915828732,0.05994591197115251,0.6336983133405563,0.6370883677461078,0.32188590698423897,0.5877442193886839,0.6792898860466312
1992.0,0.3629650265090984,0.8282576866951271,0.39598142753889204,0.4568954726841031,0.18903015952221727,0.06222341659805056,0.6358906844171253,0.6324098988813511,0.3209265784772971,0.5939370030337886,0.6828670196028221
1993.0,0.36863885717166045,0.821875787662031,0.39600139614867325,0.46220506610724776,0.19458716908803345,0.06460461956959364,0.638134330506183,0.6277410224276918,0.31991505388526614,0.600258882233529,0.6862718052170081
1994.0,0.3743324265742604,0.8152571148908919,0.39602541345041625,0.46755778938240644,0.20026303462016837,0.06709341582681526,0.640428700880696,0.623052959089335,0.3188543912706077,0.6067149552664425,0.6894975527969119
1995.0,0.3800441419556075,0.8083959589031363,0.3960524519737622,0.47295462349771755,0.20605813242698182,0.06969330627655469,0.6427734237038438,0.6183289650340602,0.31774728249812556,0.6133100592750114,0.6925379625300093
1996.0,0.3857721499704272,0.8012865401623183,0.3960815758135748,0.47839665015005517,0.21197296057728535,0.07240742650146927,0.6451801270828433,0.6135592896565769,0.3165960166334309,0.6200487753034515,0.6953870238411389
1997.0,0.39151462705095247,0.7939230118231998,0.3963244373813868,0.4838847259094641,0.21800809462645362,0.07523858930507078,0.6477406161799204,0.608739343874373,0.31539259850345464,0.6268293653528144,0.6985322052342852
1998.0,0.3972713331380661,0.7862994660927268,0.39637304565231224,0.4894298548605953,0.22416415134539386,0.07818933442989282,0.650252964699555,0.6038737752051455,0.3140614677506352,0.6337019322696081,0.7012021416484115
1999.0,0.40303844480515394,0.7784096217256522,0.3958868794591834,0.4950230798711869,0.23044299478809638,0.08126198090128038,0.6525485846100876,0.5989560892301319,0.3127743742388534,0.6406402270266952,0.7028138337535699
2000.0,0.40880816146864574,0.7702474420730706,0.3962503242791554,0.5006411590692288,0.23684508912328853,0.08445867889725364,0.6553125859044459,0.5939446810974944,0.31167455015079076,0.6473935283066848,0.7060862563758136
2001.0,0.4145849381586383,0.7618076461725954,0.3965646660146389,0.5063285652763742,0.24336771039097993,0.08778163402575613,0.6580980628531597,0.5888634452122772,0.31018584946315036,0.6540541585537119,0.7093339533163313
2002.0,0.42036645163194336,0.7530835354974659,0.3968126569978183,0.512081782832783,0.2500140062429914,0.09123310858189765,0.6609017654305125,0.5837568566683494,0.308686691061169,0.660648760630547,0.71249178977762
2003.0,0.42616430170897196,0.7440684722613314,0.3969921040846922,0.5178799162727642,0.256786231439757,0.09481551766382075,0.6637219523900917,0.5792652074264947,0.30717061603164686,0.6671972130550244,0.7155527198051078
2004.0,0.43197895014378607,0.7347561029038168,0.39711014969547154,0.5237165506753928,0.2636857185233182,0.09853237366892362,0.6665589333962402,0.574856773301803,0.3056469688481975,0.6737163711772357,0.7185109563512774
2005.0,0.43780596087885554,0.7251401829845296,0.39717491556198736,0.5295920205916453,0.2707131860923225,0.10238850191916286,0.6694154428991783,0.5703104687161993,0.30411899323366876,0.6802209107709092,0.7213572939321335
2006.0,0.44364080051379634,0.7152144907797622,0.3971924051490163,0.5355073175078648,0.2778689463347466,0.10638988616463348,0.672294157623291,0.5656282226847965,0.30258480430744156,0.6867237368027467,0.724081214747687
2007.0,0.44947877260930225,0.7049728156557479,0.3971675449762023,0.5414639689095311,0.2851530167369775,0.11054337848830918,0.6751973841387581,0.5608090297805367,0.30104272038997787,0.693236313076552,0.72667222122915
2008.0,0.45531496173122055,0.6944089507702887,0.39710448576043517,0.5474639937450634,0.2925651927189244,0.11485639644420653,0.6781271876294359,0.5558498360087121,0.2994915077109695,0.6997689243599035,0.7291199576589499
2009.0,0.4611441947180878,0.6835166879039304,0.397006786676163,0.5535098704757178,0.30010509678284586,0.119336662045372,0.681085477621461,0.5507463184421212,0.2979302555431437,0.7063308749675196,0.7314142375646949
2010.0,0.4669610143822689,0.6722898138636382,0.396877550235072,0.5596045120906378,0.30777221127013993,0.12399200070238633,0.6840740736251129,0.545493423060611,0.2963582925026111,0.7129306436120874,0.7335450631425321
2011.0,0.47275966210445075,0.6607221081274312,0.39703710538124676,0.5657512465429664,0.31556589948319097,0.12883020068030238,0.6872604779287858,0.5400857191275872,0.2947751231952034,0.7193895320933318,0.7362822303686792
2012.0,0.47853761924431454,0.6488073414911775,0.3971585264378345,0.5719693819639751,0.32348541856076385,0.13385892582624914,0.6904760791235669,0.5345246807641094,0.2930407552583938,0.7257246498051901,0.7390009974529571
2013.0,0.48432206128340194,0.6365386625654978,0.39714270403478685,0.5782210474647149,0.3315323048280536,0.13908567164301935,0.6936714751789622,0.5301466687370522,0.29127908447879053,0.7319759937877808,0.7415166826595494
2014.0,0.49011786374906663,0.6239097355769897,0.3970054066733349,0.5844902308847995,0.3397071604297249,0.14451775468330372,0.6968483005683939,0.5260487256182956,0.28954224853007743,0.7381694112134196,0.7438370943238499
2015.0,0.49591794064096045,0.6109145955809343,0.39675797116112427,0.5907769751414481,0.34800935664987126,0.1501627757761258,0.7000088110045446,0.5217473753481184,0.28783460807064254,0.7443271608223895,0.7459479720136204
2016.0,0.5017155571386871,0.5975474308638472,0.39640781013619697,0.5963110028198696,0.35643751236355303,0.15602882594946504,0.7031556196069537,0.5172655756042023,0.28615388631193495,0.7504683460629118,0.7478324654601413
2017.0,0.5074733674662282,0.5838296393961052,0.39576431512971233,0.5983021242355013,0.3648918475442042,0.16212443563647244,0.7060660083867989,0.5114357517985578,0.284515062096581,0.7565996314922757,0.7490670368084029
2018.0,0.5130482283958643,0.5698836883252598,0.39416926092261034,0.600299225301453,0.37292343863980654,0.168458437302848,0.7079458715426672,0.5004880028925649,0.28316492794239695,0.7626618011696705,0.7482485334755207
2019.0,0.5184667285816805,0.5557128110307779,0.3928345697863385,0.6021527862567188,0.3805878277095483,0.17503981959284298,0.709967534089735,0.4917060150579119,0.28268584511801825,0.768535153278683,0.7478315395397029
2020.0,0.5237556273749921,0.5413249989585734,0.39136359590828507,0.603810944009026,0.38791461921149206,0.18187718749132725,0.7118821653440517,0.4840559067413978,0.28209535426699184,0.7742630117264767,0.7470635360457465
2021.0,0.5289222237311912,0.5267296234071001,0.3897312233635782,0.6052283847318759,0.39492431000226774,0.1889763951819405,0.7136562116013189,0.476973877103037,0.28161069800452354,0.7798633134554378,0.7458911410066202
2022.0,0.5339639107481751,0.5119377914105958,0.38793904910075516,0.6063779502147553,0.4016277624211277,0.19633905393867862,0.7152727467576592,0.4701043134877809,0.2812643220389358,0.7853491624920562,0.7443026083325003
2023.0,0.5389314924572132,0.4969619958072002,0.3859503090098294,0.6061520537283296,0.40802874623836766,0.2039629493991732,0.7166978053747344,0.465391534476627,0.28104225155056206,0.7907308349945082,0.7422893069909979
2024.0,0.5437889073864436,0.48185539913055714,0.3836204640139129,0.6014739911206903,0.4139853504007967,0.21184265247040582,0.7176659256146307,0.4596609399408298,0.28101018545684286,0.7960065123558041,0.7395242395088981
2025.0,0.5483964631355744,0.46679071748522005,0.3804980559507594,0.5963907343161554,0.4191989776396959,0.21997009350455252,0.7174184420541194,0.4494821634312426,0.2814447649846504,0.8011349413114144,0.7349847655821748
2026.0,0.5528106077428927,0.45179352670016576,0.3772083918512311,0.5907334155179362,0.4237972297879907,0.22833504115468764,0.7169220015339918,0.4425916702197478,0.2828934102554156,0.8060263293700591,0.7300379035465565
2027.0,0.5570418625020152,0.4368945405604081,0.3736708473059183,0.5845213456281286,0.4277705110809241,0.23692486225218803,0.7160933917811462,0.4364766269880684,0.2845578918281216,0.8106768984063127,0.7245463576758209
2028.0,0.5610910703257849,0.42212374324757573,0.3696363697283068,0.5777835296409286,0.4311122672784049,0.24572188749958515,0.7147864220515003,0.4308428617827326,0.2865095070772736,0.8151097624264732,0.7180073375454996
2029.0,0.5649509623134135,0.40751021212586835,0.3652051900534216,0.570546970797792,0.4338187721828116,0.2547015047211525,0.7130511404417892,0.42551682062128504,0.2888716161659187,0.8193441926332843,0.7105886026999936
2030.0,0.5686126045264162,0.3930823317693764,0.36041510130296733,0.553030555364301,0.4358880507455751,0.2638320406848384,0.710904705982496,0.42039254851330143,0.2916003907646222,0.8233968777672263,0.7023396226856679
2031.0,0.5717737240773595,0.37925814316176976,0.35387126102595895,0.52544370371502,0.43638205875137054,0.2730754610545073,0.7059719537120398,0.40540281965613906,0.29483042299540896,0.8272225058427741,0.6902144851063605
2032.0,0.5741584398122239,0.3664612415598541,0.3454796185698081,0.49926755327943123,0.4344378900008214,0.28238832249411444,0.6982170616420034,0.3836468505963214,0.30057863912339405,0.8307006510686582,0.6738241272256719
2033.0,0.5758854182309486,0.35466301553236523,0.3367222211196452,0.474395842930848,0.4303668311515065,0.29172284356872313,0.6903076644765425,0.3686719934069126,0.3086955340608866,0.8336848125255008,0.6563611895237015
2034.0,0.5770692068270393,0.3438319301659631,0.32767281513511026,0.4508135978543458,0.4244566250524117,0.3010218982279452,0.682249483763904,0.3579396638728871,0.3169120511676564,0.8362542775743945,0.63806788174936
2035.0,0.5778062879584756,0.3339311815704269,0.3180999086677384,0.42851644907745656,0.4169797611103524,0.3102088407965891,0.6739025863558286,0.3507285642995594,0.32521547637383175,0.8385288535620123,0.6185356286462216
2036.0,0.5781975549607972,0.3249196272030875,0.30801216847388047,0.40747624995141424,0.4081925280839552,0.3191829494123181,0.665123352143205,0.34723851703108044,0.33370449223403315,0.8405279896576415,0.5979004342013146
2037.0,0.5782744851242664,0.31675354799466776,0.2976498356811409,0.3877021143332385,0.39833275981326555,0.32782161913984675,0.6561434361319423,0.34518182659592705,0.34252114674757633,0.8422513178070937,0.5766800166639691
2038.0,0.5780660174821005,0.3091308078160479,0.2868744076935252,0.36859055980068556,0.3878441618889532,0.33598616569460565,0.6430940190955928,0.3442513359000625,0.35146392532277093,0.8437568347564194,0.5546114936979805
2039.0,0.5774775704795249,0.30188643879854155,0.27597948837636965,0.3499245024480258,0.3769773032196683,0.3435288106292279,0.6278744475760994,0.3434593854339197,0.36383929394143494,0.8450766110628607,0.5321729153564481
2040.0,0.5764543703744962,0.2950159380466935,0.26519707794689257,0.33523362897465947,0.36579893536511726,0.35030032613161605,0.6129051761012915,0.34251106446418034,0.3780108423343282,0.8462334446907631,0.5097772016417411
2041.0,0.5749943176791815,0.28844554376904946,0.2553164933852013,0.3221127388483519,0.3546543110231544,0.3561617209845777,0.6002280165391447,0.3470735281184789,0.39785847156653725,0.8472627700585148,0.4889463678757766
2042.0,0.5731715725047163,0.2821483019563935,0.24618565941936066,0.30928386692135185,0.34365051984547806,0.36099385818258845,0.5886468731729531,0.35227312304399255,0.4158752017898045,0.8481916753916421,0.4694510468559463
2043.0,0.5709943306361246,0.2761210294643694,0.23767737084963173,0.2967983420879731,0.33278384016361384,0.36470218978244096,0.57752401339031,0.35601541370616013,0.43227683178945725,0.849032079585249,0.4510580674629674
2044.0,0.5684636146436043,0.27035904366143865,0.22984261234098605,0.28469665025446483,0.32205728465735256,0.3672194470691795,0.5666108212199671,0.3588932304850384,0.4479302744515868,0.8497894424318146,0.43386919287370657
2045.0,0.5655834816550738,0.2648564943074989,0.22274583619715155,0.27300887482468045,0.31147830150697153,0.3685072763948456,0.5427555392388409,0.3613223044413494,0.4631687367346827,0.8504674340519112,0.4180089176439324
2046.0,0.561872522806759,0.2596065777693323,0.2166254816758389,0.2619839857462264,0.3010573157115126,0.3685559494873068,0.5218073094032868,0.36390255183654785,0.4959951065597115,0.8510693255825285,0.40357041522454734
2047.0,0.5574842767168119,0.25460172326712144,0.21145927159504962,0.2515510359456252,0.2908034730128103,0.36738223804963027,0.5037699965819866,0.3670477357996696,0.5244780445355789,0.8515982406449495,0.3906263388002861
2048.0,0.5525649300661853,0.24983370785785003,0.2064617476265854,0.24164678650426613,0.2807282973281338,0.3650261124265793,0.4866747101580281,0.3705696375916508,0.5486246093408491,0.8520593814960988,0.3778243798930976
2049.0,0.5470431141845279,0.2452938395085448,0.2019889631017131,0.23229093455296312,0.2708445846904838,0.3615468473107614,0.47129802171402096,0.3744781894238314,0.5763568252563556,0.8524271576460329,0.36578748439530184
2050.0,0.5409980150436691,0.24097335219656543,0.19843022045548933,0.22344221602916303,0.2611632934727991,0.35701895430672154,0.45850752578518705,0.37881063775963797,0.6022901690244908,0.8527045104326831,0.3552563505357056
2051.0,0.5345826198608601,0.2368633711547084,0.19555015919850616,0.21503755137916616,0.2516948363913602,0.35152824404171107,0.4476750772188991,0.3834380673205397,0.6234531723562694,0.8529298035074009,0.34585705781376125
2052.0,0.5279107698891717,0.23295488967682726,0.19339605410285463,0.20702918688223282,0.24244968216240712,0.3451681214695728,0.4388241497657255,0.38823527082058285,0.640999576920612,0.8531085735784553,0.3377075329453619
2053.0,0.5210895173339982,0.2292389298039853,0.19196459059266355,0.1993747927052234,0.2334374694612691,0.33803663846676957,0.4318723824706886,0.3931168865880709,0.6549242086801534,0.8532461531194352,0.33082326875911283
2054.0,0.5142144365158623,0.22570659791100806,0.19123816413521533,0.19203788246533496,0.22466684278480004,0.330233998748936,0.4267113685694084,0.3980131792153074,0.665414493916583,0.8533473439672492,0.32518455775068483
2055.0,0.5073690687234886,0.22234914375927325,0.1911938518211427,0.1849873094950047,0.21614526933479358,0.3218600493802604,0.4232278602032168,0.4028670778783583,0.6727048829142916,0.8534163856251996,0.3207553114556394
2056.0,0.5006254811984381,0.21915801123517237,0.19180646895826806,0.1781966190694204,0.20787890973613846,0.3130120808270308,0.421310287321913,0.4076304500398352,0.677036933661377,0.8534569883129721,0.31749104923056715
2057.0,0.49404781004636394,0.2161248791174072,0.19304901072495545,0.17164251800415356,0.19987254842819577,0.3037830377920624,0.42073062907090886,0.41236597566920324,0.6786426808106281,0.8534723801915245,0.3153435929555688
2058.0,0.48772752980119355,0.21324169237296015,0.19434411827024425,0.16529281758384007,0.19212959188183956,0.29426016106881714,0.4203758192328035,0.4187281514456264,0.6779007369154957,0.853465356446926,0.31340050951050874
2059.0,0.48165816010594287,0.21050068521408258,0.1957859374119576,0.15914333615201215,0.1846523105953431,0.2845240420415945,0.42038725335015953,0.42484212948435035,0.6768619309931933,0.8534389648851679,0.3118062912932054
2060.0,0.4758402432848601,0.2078944938736232,0.1974171085058182,0.15318856331606348,0.1774409794664597,0.2746480505671098,0.42085365881547687,0.4307368621859344,0.6752692195552917,0.8533958016115708,0.31062211850942983
2061.0,0.47027809080573135,0.20541612224357286,0.1992460096225201,0.1474222456977575,0.17049429438810101,0.2646980854538244,0.4217794575439571,0.43641643706656125,0.672963815644161,0.8533380150660834,0.3098562133825744
2062.0,0.46497583645080737,0.20305892086710567,0.1982987727568971,0.14183835942801026,0.1638096685275136,0.2547325914331906,0.4168988763398881,0.4418725835741203,0.6699383856767173,0.8532673868136017,0.30493142829255454
2063.0,0.4596926885360306,0.2008165729333668,0.1963419000580656,0.13647676171893464,0.15738344353681566,0.2448028656461051,0.4100139183914626,0.4473302784319301,0.6771859209744189,0.8531835454011284,0.2985211036311625
2064.0,0.45435542426424624,0.19868350236977966,0.19516311308926204,0.1313417538457266,0.1512082211823864,0.234953551597787,0.4049104190200543,0.4529502733194207,0.687888120949492,0.8530884336441895,0.29331638525207504
2065.0,0.4490400890839328,0.19665452386784538,0.19415367201837774,0.12641007085177544,0.14527554304842955,0.22522321729362596,0.40030783446249707,0.4586136656173347,0.695355787736408,0.8529845749839426,0.2884207290167484
2066.0,0.4437815476592214,0.1947245754256482,0.19321449473967783,0.1216659280119226,0.13957778760900608,0.2156449454387032,0.3959775457442669,0.46487015430791856,0.701857989987349,0.8528737491723047,0.2837011657904119
2067.0,0.43861014037615664,0.1928888102354103,0.19233056696462256,0.11709483956459109,0.13410752192115408,0.2062473023166813,0.3918744479119588,0.47198814295369906,0.7077969766769546,0.8527573105372664,0.2791505272343763
2068.0,0.4335262143904536,0.19114260477877285,0.19151177103619874,0.11269087098547326,0.12885742833230346,0.19705526211484709,0.3880057704685831,0.4787623930861462,0.7133007354953229,0.8526363135962333,0.2747792504416491
2069.0,0.4285307767162085,0.18948155359115323,0.1907652518637951,0.10844805840736396,0.12382015334343033,0.1880906873447206,0.38437910868561076,0.48521776741289424,0.7183603067900967,0.8525115895249125,0.27059384906917106
2070.0,0.4236253843670395,0.18790146034726235,0.19009556702727087,0.10436044910818146,0.11898835366728196,0.17937249274511355,0.3809968114684304,0.49137580301465206,0.7229668516246563,0.8523838013710031,0.2665972720509818
2071.0,0.41881185155961426,0.18639832934481257,0.18950517181048127,0.10042218351709775,0.11435473430351094,0.1709166510636576,0.3778571106019383,0.497255272362117,0.7271213943211867,0.8522534834114072,0.2627895967536634
2072.0,0.4140920348340843,0.18496835732385308,0.18899485837890667,0.09662755145348506,0.109912078940421,0.16273615609137487,0.3749551497090496,0.5028728095883529,0.7308326025083549,0.8521210698714202,0.2591686615888883
2073.0,0.40946695949978723,0.1836079255441712,0.1885644618904794,0.09297119257647933,0.10565327436663186,0.1548410123103119,0.37228448767275124,0.508244188884867,0.7341513214138076,0.8519869162816394,0.2557306061418111
2074.0,0.40491929744579025,0.18231359207162898,0.18822123335831792,0.08945194660052544,0.10157132673557007,0.14723828598060712,0.3698537397956043,0.5145393042940791,0.7391599673587114,0.8518513155849506,0.2524702527707555
2075.0,0.400477065746874,0.1810820842129591,0.18794932442559592,0.08605867737535677,0.09765929369938155,0.1399322283251967,0.36762972889283463,0.5216820046792396,0.7435290006180341,0.8517145099336432,0.24937981418088984
2076.0,0.3961388449723337,0.17991029030864958,0.18774880297022872,0.08278710005989978,0.09391052372847877,0.13292446590557777,0.3656028891125427,0.5283698910327004,0.7473951560174145,0.851576702203894,0.2464550719349988
2077.0,0.39190367745370225,0.17879525397797408,0.18761751092152953,0.07963295176967272,0.0903185080715414,0.1262142444789445,0.36376490892156954,0.5346484271140021,0.7507815109446233,0.8514380613958612,0.24368936268385608
2078.0,0.3877709403660504,0.17773416679204315,0.18755248783772818,0.07659202257815415,0.0868768963138806,0.11979870882500218,0.3621061532462398,0.5405552269545069,0.7537087491730885,0.8512987291367803,0.24107547319361922
2079.0,0.38375474593092473,0.17672436133097444,0.18754332078931366,0.07365740114462982,0.083579507815685,0.11367320021566475,0.3606029088543147,0.5468623831085115,0.7561728595370524,0.8511588245373846,0.23860617501282005
2080.0,0.37986839905547226,0.17576330450405997,0.18758061364731846,0.07082273453687886,0.08042040032291642,0.107831556731382,0.35923135064067846,0.5536198084746945,0.7582352429312433,0.851018448334528,0.23627570499611222
2081.0,0.3761050021799075,0.1748485916653613,0.1876648111154876,0.06808571996055564,0.07739385877766891,0.10226640333384869,0.3568564762524068,0.5598715652783343,0.7599963630742702,0.8508776855136017,0.23407861817028253
2082.0,0.3724023978975764,0.173977940750319,0.1878228437878876,0.06545378038526353,0.07449430863982084,0.09696942197864306,0.35459912863175325,0.5655249120211924,0.764374559780415,0.8507366073322459,0.23200785205127072
2083.0,0.36875955688081863,0.17314918582824326,0.18804759605064209,0.06292293226051844,0.07171611425479485,0.09193159550208212,0.3526121390979306,0.5708887177948089,0.7684614151681903,0.85059527292086,0.230051478764834
2084.0,0.3651830996230482,0.17236026911923022,0.18833162409134227,0.060488041046018036,0.06905386304878765,0.08714342238651233,0.3508304856253154,0.5759932394541513,0.7718652423733517,0.8504537337212373,0.22820237170710211
2085.0,0.36167603284499195,0.17160923596837366,0.18867078937355408,0.0581448142904839,0.06650238823441165,0.08259510161850625,0.34920768773841526,0.5808244840540876,0.7747586383561701,0.850312033774254,0.22645556375412657
2086.0,0.35823909345850313,0.17089423005242857,0.18906224550354803,0.05588951402925062,0.06405674494944193,0.07827668789952391,0.34773438531682455,0.5853852990003686,0.7772649374456274,0.8501702102987916,0.22480648199124284
2087.0,0.3548727997182711,0.17021348855187962,0.18950312842395686,0.053718594091500184,0.06171219502167757,0.07417821756533442,0.3464019015680431,0.5896925047509058,0.7794108344118159,0.8500282946070273,0.2232506018546858
2088.0,0.3515774933830158,0.1695653374438855,0.18999061572893125,0.05162868446861929,0.059464200595205234,0.0702898088069436,0.3452019341004368,0.5937628788812463,0.7812212001490002,0.8498863129960941,0.2217835364569191
2089.0,0.348353351969393,0.16894818700583272,0.19052195148330245,0.04961658132332802,0.057308417829739694,0.066601740295854,0.3441265743306242,0.5976123361615067,0.7827198653639857,0.8497442874853667,0.2204010631923611
2090.0,0.3452003960230348,0.16836052752364644,0.19109445534481684,0.04767923812093956,0.055240690583921254,0.06310451176893267,0.3431683041675858,0.6012555938678857,0.783929541098689,0.849602236437459,0.219099127527366
2091.0,0.34211849435500624,0.167800925199678,0.19170552621240117,0.045813757305092184,0.05325704409454292,0.0597888895588991,0.3423199845008479,0.6047060516236407,0.784871796468214,0.8494601750864698,0.2178738387020096
2092.0,0.3391073691056397,0.16726801825489923,0.1923526435243241,0.044017382228602034,0.05135367867332418,0.05664593963745487,0.341574840804778,0.6079757996858363,0.7855670597818952,0.8493181159898786,0.2167214625042825
2093.0,0.33616660161953177,0.16676051321969565,0.1930333672815801,0.04228748923132933,0.049526963447133227,0.053667050387415816,0.34092644750008333,0.6110756991144062,0.7860346314973613,0.8491760694166077,0.21563841317468915
2094.0,0.3332956395035295,0.16627718140713443,0.1937453372799507,0.0406215798606875,0.04777343016753712,0.050843947009623275,0.3403687117530583,0.614015497510991,0.78629270583443,0.8490340436812226,0.2146212453687192
2095.0,0.33049380487359087,0.16581685556226583,0.19448627184539527,0.039017273279439324,0.04608976711295087,0.04816869919113679,0.33989585714062587,0.6168039578083299,0.7863583995934207,0.8488920454323813,0.21366664662289345
2096.0,0.3277603036040314,0.16537842668080074,0.19525396628818448,0.03747229892129855,0.044472813102891015,0.04563372341084475,0.3395024075185753,0.6194489866940341,0.7862477868844258,0.8487500799022119,0.2127714305315595
2097.0,0.3251027546096024,0.16496084099038044,0.1960411538597738,0.03598354648119433,0.04291955163981979,0.043231781036423944,0.3391742830911314,0.622465555625067,0.785955341961713,0.8486081511221673,0.2119325307103694
2098.0,0.32253835595966146,0.16456309708760403,0.19683501371745682,0.034547070925012725,0.04142712533436852,0.040955973171753195,0.3388865554843376,0.6264811461216601,0.785494708543469,0.8484662621801505,0.21114756067269597
2099.0,0.32006041598841406,0.16418424340198526,0.1976376769727842,0.03309853902492424,0.039916671115003466,0.03879973304514058,0.33863855467697024,0.6301467687579472,0.7849887827942641,0.8483244152923805,0.2104149839202161
2100.0,0.3176415154057919,0.16382406330824179,0.19842517068027796,0.03160244249280014,0.03834243371763705,0.03675681658422367,0.3383723234777884,0.6321842683305253,0.7844880740551673,0.8481826066320209,0.2096918654687123